image_name,scene,pitch,yaw,altitude,pred_error,ref_type,strategy,matching_method,inlier_count
VG_data_DJI_20240917112155_0351_D.JPG,pkl_QingZhou_2024,-34.5,-155.8,38.4,147.89045026201907,LOW,TopN_Re-rank,Roma,347
VG_data_DJI_20240917112200_0352_D.JPG,pkl_QingZhou_2024,-34.7,-155.8,38.4,158.30448308767853,LOW,TopN_Re-rank,Roma,167
VG_data_DJI_20240917112204_0353_D.JPG,pkl_QingZhou_2024,-34.7,-155.8,41.4,132.05010464492278,LOW,TopN_Re-rank,Roma,140
VG_data_DJI_20240917112218_0354_D.JPG,pkl_QingZhou_2024,-45.5,-155.8,65.7,177.62461689741843,LOW,TopN_Re-rank,Roma,182
VG_data_DJI_20240917112223_0355_D.JPG,pkl_QingZhou_2024,-45.5,118.2,71.9,98.14217067561357,LOW,TopN_Re-rank,Roma,70
VG_data_DJI_20240917112252_0363_D.JPG,pkl_QingZhou_2024,-30.8,85.2,72.8,159.3850466611921,LOW,TopN_Re-rank,Roma,165
VG_data_DJI_20240917112254_0364_D.JPG,pkl_QingZhou_2024,-45.6,85.2,72.8,187.22949170348724,LOW,TopN_Re-rank,Roma,91
VG_data_DJI_20240917112256_0365_D.JPG,pkl_QingZhou_2024,-45.6,71.4,72.7,124.05940517295086,LOW,TopN_Re-rank,Roma,308
VG_data_DJI_20240917112259_0366_D.JPG,pkl_QingZhou_2024,-42.5,71.4,72.8,214.1405954209592,LOW,TopN_Re-rank,Roma,55
VG_data_DJI_20240917112301_0367_D.JPG,pkl_QingZhou_2024,-39.6,71.4,72.8,80.82322823722038,LOW,TopN_Re-rank,Roma,34
VG_data_DJI_20240917112304_0368_D.JPG,pkl_QingZhou_2024,-39.6,62.0,72.8,376.4390505325663,LOW,TopN_Re-rank,Roma,57
VG_data_DJI_20240917112306_0369_D.JPG,pkl_QingZhou_2024,-39.6,49.0,72.8,215.83193510740324,LOW,TopN_Re-rank,Roma,176
VG_data_DJI_20240917112308_0370_D.JPG,pkl_QingZhou_2024,-39.6,32.3,73.3,228.1858576775356,LOW,TopN_Re-rank,Roma,122
VG_data_DJI_20240917112310_0371_D.JPG,pkl_QingZhou_2024,-39.6,28.3,77.7,218.6237850247705,LOW,TopN_Re-rank,Roma,75
VG_data_DJI_20240917112312_0372_D.JPG,pkl_QingZhou_2024,-39.6,13.0,78.4,493.1824939890495,LOW,TopN_Re-rank,Roma,107
VG_data_DJI_20240917112313_0373_D.JPG,pkl_QingZhou_2024,-39.6,10.0,79.1,370.54420144892833,LOW,TopN_Re-rank,Roma,203
VG_data_DJI_20240917112315_0374_D.JPG,pkl_QingZhou_2024,-39.6,-13.8,79.2,257.4003481814314,LOW,TopN_Re-rank,Roma,44
VG_data_DJI_20240917112317_0375_D.JPG,pkl_QingZhou_2024,-39.6,-13.8,79.1,425.3955985424309,LOW,TopN_Re-rank,Roma,73
VG_data_DJI_20240917112319_0376_D.JPG,pkl_QingZhou_2024,-39.6,-21.7,79.7,310.81450161977216,LOW,TopN_Re-rank,Roma,188
VG_data_DJI_20240917112321_0377_D.JPG,pkl_QingZhou_2024,-39.6,-27.6,81.3,381.9478351461011,LOW,TopN_Re-rank,Roma,156
VG_data_DJI_20240917112322_0378_D.JPG,pkl_QingZhou_2024,-39.6,-46.6,81.2,79.21330218085096,LOW,TopN_Re-rank,Roma,42
VG_data_DJI_20240917112324_0379_D.JPG,pkl_QingZhou_2024,-39.6,-60.0,81.2,156.38148725880265,LOW,TopN_Re-rank,Roma,52
VG_data_DJI_20240917112327_0380_D.JPG,pkl_QingZhou_2024,-39.6,-70.1,81.2,62.8250710364278,LOW,TopN_Re-rank,Roma,65
VG_data_DJI_20240917112331_0381_D.JPG,pkl_QingZhou_2024,-42.1,-79.3,81.3,10.002385690932993,LOW,TopN_Re-rank,Roma,75
VG_data_DJI_20240917112333_0382_D.JPG,pkl_QingZhou_2024,-43.3,-101.4,81.4,336.6313918707093,LOW,TopN_Re-rank,Roma,82
VG_data_DJI_20240917112335_0383_D.JPG,pkl_QingZhou_2024,-45.2,-101.4,81.4,14.005569449815596,LOW,TopN_Re-rank,Roma,120
VG_data_DJI_20240917112337_0384_D.JPG,pkl_QingZhou_2024,-45.2,-106.7,81.5,1855.9992618920967,LOW,TopN_Re-rank,Roma,162
VG_data_DJI_20240917112339_0385_D.JPG,pkl_QingZhou_2024,-45.2,-108.3,81.5,47.678738425366824,LOW,TopN_Re-rank,Roma,64
VG_data_DJI_20240917112341_0386_D.JPG,pkl_QingZhou_2024,-45.2,-117.9,81.5,135.81279563710672,LOW,TopN_Re-rank,Roma,124
VG_data_DJI_20240917112343_0387_D.JPG,pkl_QingZhou_2024,-45.2,-131.6,81.5,70.14899558677082,LOW,TopN_Re-rank,Roma,74
VG_data_DJI_20240917112345_0388_D.JPG,pkl_QingZhou_2024,-45.2,-143.9,81.5,386.3274117798344,LOW,TopN_Re-rank,Roma,77
VG_data_DJI_20240917112346_0389_D.JPG,pkl_QingZhou_2024,-45.2,-151.5,81.5,34.96162240904231,LOW,TopN_Re-rank,Roma,91
VG_data_DJI_20240917112349_0390_D.JPG,pkl_QingZhou_2024,-45.2,-164.1,81.5,302.98940595774366,LOW,TopN_Re-rank,Roma,96
VG_data_DJI_20240917112350_0391_D.JPG,pkl_QingZhou_2024,-45.2,-164.1,81.5,14.059352817264987,LOW,TopN_Re-rank,Roma,75
VG_data_DJI_20240917112353_0392_D.JPG,pkl_QingZhou_2024,-45.2,-173.1,81.5,335.8509737923723,LOW,TopN_Re-rank,Roma,190
VG_data_DJI_20240917112441_0393_D.JPG,pkl_QingZhou_2024,-46.8,-179.4,106.8,5.139118998982638,LOW,TopN_Re-rank,Roma,105
VG_data_DJI_20240917112445_0394_D.JPG,pkl_QingZhou_2024,-46.8,-179.2,106.7,7.347108377166389,LOW,TopN_Re-rank,Roma,74
VG_data_DJI_20240917112447_0395_D.JPG,pkl_QingZhou_2024,-46.8,176.0,106.7,11.36142899372637,LOW,TopN_Re-rank,Roma,143
VG_data_DJI_20240917112450_0396_D.JPG,pkl_QingZhou_2024,-63.4,175.3,106.7,15.120308696776652,LOW,TopN_Re-rank,Roma,131
VG_data_DJI_20240917112452_0397_D.JPG,pkl_QingZhou_2024,-66.3,175.3,106.7,38.24974335045023,LOW,TopN_Re-rank,Roma,131
VG_data_DJI_20240917112453_0398_D.JPG,pkl_QingZhou_2024,-66.3,179.4,106.8,9.785288369906858,LOW,TopN_Re-rank,Roma,101
VG_data_DJI_20240917112456_0399_D.JPG,pkl_QingZhou_2024,-66.3,-177.7,106.8,73.43822996908501,LOW,TopN_Re-rank,Roma,85
VG_data_DJI_20240917112458_0400_D.JPG,pkl_QingZhou_2024,-66.3,-177.7,106.7,185.2641008811558,LOW,TopN_Re-rank,Roma,65
VG_data_DJI_20240917112501_0401_D.JPG,pkl_QingZhou_2024,-90.0,-177.7,106.7,45.67735668853437,LOW,TopN_Re-rank,Roma,176
VG_data_DJI_20240917112503_0402_D.JPG,pkl_QingZhou_2024,-90.0,-177.7,107.9,14.526316763557594,LOW,TopN_Re-rank,Roma,129
VG_data_DJI_20240917112505_0403_D.JPG,pkl_QingZhou_2024,-90.0,-177.7,111.6,69.13496757127061,LOW,TopN_Re-rank,Roma,124
VG_data_DJI_20240917112507_0404_D.JPG,pkl_QingZhou_2024,-89.5,-177.7,115.0,2.9411652447193606,LOW,TopN_Re-rank,Roma,174
VG_data_DJI_20240917112509_0405_D.JPG,pkl_QingZhou_2024,-89.5,-177.7,117.1,24.039080154060333,LOW,TopN_Re-rank,Roma,182
VG_data_DJI_20240917112511_0406_D.JPG,pkl_QingZhou_2024,-89.5,-177.7,118.9,5.178421955537713,LOW,TopN_Re-rank,Roma,236
VG_data_DJI_20240917112513_0407_D.JPG,pkl_QingZhou_2024,-89.5,-177.7,120.7,11.812261583170962,LOW,TopN_Re-rank,Roma,114
VG_data_DJI_20240917112515_0408_D.JPG,pkl_QingZhou_2024,-89.5,-177.7,121.0,31.410694928613516,LOW,TopN_Re-rank,Roma,120
VG_data_DJI_20240917112518_0409_D.JPG,pkl_QingZhou_2024,-89.5,-178.0,120.2,17.414523780689244,LOW,TopN_Re-rank,Roma,115
VG_data_DJI_20240917112521_0410_D.JPG,pkl_QingZhou_2024,-89.5,-178.0,113.4,9.304242413976922,LOW,TopN_Re-rank,Roma,160
VG_data_DJI_20240917112522_0411_D.JPG,pkl_QingZhou_2024,-89.5,-178.0,113.3,5.471776022638217,LOW,TopN_Re-rank,Roma,265
VG_data_DJI_20240917112524_0412_D.JPG,pkl_QingZhou_2024,-89.5,-178.0,113.3,12.90875081489818,LOW,TopN_Re-rank,Roma,185
VG_data_DJI_20240917112525_0413_D.JPG,pkl_QingZhou_2024,-89.5,-178.0,113.3,15.689938034984477,LOW,TopN_Re-rank,Roma,210
VG_data_DJI_20240917112528_0414_D.JPG,pkl_QingZhou_2024,-89.5,168.1,113.3,39.25222124808144,LOW,TopN_Re-rank,Roma,159
VG_data_DJI_20240917112531_0415_D.JPG,pkl_QingZhou_2024,-89.5,98.0,112.5,4.316067678848018,LOW,TopN_Re-rank,Roma,302
VG_data_DJI_20240917112533_0416_D.JPG,pkl_QingZhou_2024,-89.5,93.5,112.5,17.27230185607929,LOW,TopN_Re-rank,Roma,90
VG_data_DJI_20240917112535_0417_D.JPG,pkl_QingZhou_2024,-89.5,93.5,112.5,226.15359341103928,LOW,TopN_Re-rank,Roma,127
VG_data_DJI_20240917112537_0418_D.JPG,pkl_QingZhou_2024,-89.5,95.7,112.5,5.823294558391432,LOW,TopN_Re-rank,Roma,112
VG_data_DJI_20240917112539_0419_D.JPG,pkl_QingZhou_2024,-89.5,94.5,112.5,21.296722690578218,LOW,TopN_Re-rank,Roma,75
VG_data_DJI_20240917112540_0420_D.JPG,pkl_QingZhou_2024,-89.5,95.5,112.5,10.139045977664722,LOW,TopN_Re-rank,Roma,110
VG_data_DJI_20240917112542_0421_D.JPG,pkl_QingZhou_2024,-89.5,95.5,112.5,6.46076546560943,LOW,TopN_Re-rank,Roma,122
VG_data_DJI_20240917112544_0422_D.JPG,pkl_QingZhou_2024,-89.5,95.7,112.6,14.657534197738025,LOW,TopN_Re-rank,Roma,94
VG_data_DJI_20240917112545_0423_D.JPG,pkl_QingZhou_2024,-89.5,95.7,112.5,15.023963398014406,LOW,TopN_Re-rank,Roma,93
VG_data_DJI_20240917112547_0424_D.JPG,pkl_QingZhou_2024,-89.5,95.4,112.5,7.0201178723265825,LOW,TopN_Re-rank,Roma,75
VG_data_DJI_20240917112549_0425_D.JPG,pkl_QingZhou_2024,-89.5,95.4,112.5,3.4448081949332807,LOW,TopN_Re-rank,Roma,113
VG_data_DJI_20240917112551_0426_D.JPG,pkl_QingZhou_2024,-89.5,96.2,112.5,5.469963477600941,LOW,TopN_Re-rank,Roma,102
VG_data_DJI_20240917112552_0427_D.JPG,pkl_QingZhou_2024,-89.5,95.2,112.5,179.50708038328946,LOW,TopN_Re-rank,Roma,135
VG_data_DJI_20240917112554_0428_D.JPG,pkl_QingZhou_2024,-89.5,97.1,112.6,7.44414707447941,LOW,TopN_Re-rank,Roma,160
VG_data_DJI_20240917112556_0429_D.JPG,pkl_QingZhou_2024,-89.5,96.6,112.6,14.928566976551211,LOW,TopN_Re-rank,Roma,118
VG_data_DJI_20240917112557_0430_D.JPG,pkl_QingZhou_2024,-89.5,97.0,112.6,2.410457472654936,LOW,TopN_Re-rank,Roma,135
VG_data_DJI_20240917112559_0431_D.JPG,pkl_QingZhou_2024,-89.5,96.7,112.6,252.14724984314896,LOW,TopN_Re-rank,Roma,67
VG_data_DJI_20240917112601_0432_D.JPG,pkl_QingZhou_2024,-89.5,96.7,112.6,318.8784787610646,LOW,TopN_Re-rank,Roma,110
VG_data_DJI_20240917112602_0433_D.JPG,pkl_QingZhou_2024,-89.5,96.7,112.6,431.8750133218302,LOW,TopN_Re-rank,Roma,205
VG_data_DJI_20240917112604_0434_D.JPG,pkl_QingZhou_2024,-89.5,97.2,112.6,30.11888461062704,LOW,TopN_Re-rank,Roma,179
VG_data_DJI_20240917112605_0435_D.JPG,pkl_QingZhou_2024,-89.5,88.5,112.6,15.999078641949207,LOW,TopN_Re-rank,Roma,287
VG_data_DJI_20240917112607_0436_D.JPG,pkl_QingZhou_2024,-89.5,88.5,112.7,27.31214383740541,LOW,TopN_Re-rank,Roma,161
VG_data_DJI_20240917112608_0437_D.JPG,pkl_QingZhou_2024,-89.5,91.2,112.8,14.811502206258098,LOW,TopN_Re-rank,Roma,203
VG_data_DJI_20240917112610_0438_D.JPG,pkl_QingZhou_2024,-89.5,93.8,112.7,278.5858919463293,LOW,TopN_Re-rank,Roma,98
VG_data_DJI_20240917112615_0439_D.JPG,pkl_QingZhou_2024,-89.5,93.8,112.7,244.29426664991522,LOW,TopN_Re-rank,Roma,26
VG_data_DJI_20240917112619_0440_D.JPG,pkl_QingZhou_2024,-89.5,-0.2,111.8,7.594332657686298,LOW,TopN_Re-rank,Roma,235
VG_data_DJI_20240917112621_0441_D.JPG,pkl_QingZhou_2024,-77.9,-0.2,111.9,24.9317616174878,LOW,TopN_Re-rank,Roma,158
VG_data_DJI_20240917112636_0445_D.JPG,pkl_QingZhou_2024,-46.0,-67.5,111.6,16.003800109964313,LOW,TopN_Re-rank,Roma,177
VG_data_DJI_20240917112709_0455_D.JPG,pkl_QingZhou_2024,-33.5,-96.0,111.6,489.7061614156754,LOW,TopN_Re-rank,Roma,85
VG_data_DJI_20240917112712_0456_D.JPG,pkl_QingZhou_2024,-31.0,-96.0,111.6,34.34928838712403,LOW,TopN_Re-rank,Roma,49
VG_data_DJI_20240917112713_0457_D.JPG,pkl_QingZhou_2024,-30.2,-96.0,111.5,417.005875226306,LOW,TopN_Re-rank,Roma,58
VG_data_DJI_20240917112715_0458_D.JPG,pkl_QingZhou_2024,-30.2,-109.4,111.6,125.42160501984642,LOW,TopN_Re-rank,Roma,235
VG_data_DJI_20240917112717_0459_D.JPG,pkl_QingZhou_2024,-30.2,-109.4,111.6,495.5754134589772,LOW,TopN_Re-rank,Roma,202
VG_data_DJI_20240917112746_0465_D.JPG,pkl_QingZhou_2024,-35.0,-94.9,111.4,12.270403698129329,LOW,TopN_Re-rank,Roma,128
VG_data_DJI_20240917112750_0466_D.JPG,pkl_QingZhou_2024,-49.5,-94.9,111.4,15.59392089551161,LOW,TopN_Re-rank,Roma,115
VG_data_DJI_20240917112754_0467_D.JPG,pkl_QingZhou_2024,-90.0,-94.9,111.4,8.284100627615063,LOW,TopN_Re-rank,Roma,137
VG_data_DJI_20240917112756_0468_D.JPG,pkl_QingZhou_2024,-90.0,-94.9,111.4,10.162621572466236,LOW,TopN_Re-rank,Roma,86
VG_data_DJI_20240917112758_0469_D.JPG,pkl_QingZhou_2024,-90.0,-94.9,111.4,10.39791637082848,LOW,TopN_Re-rank,Roma,119
VG_data_DJI_20240917112800_0470_D.JPG,pkl_QingZhou_2024,-90.0,-94.9,111.4,7.576675989924403,LOW,TopN_Re-rank,Roma,127
VG_data_DJI_20240917112802_0471_D.JPG,pkl_QingZhou_2024,-90.0,-94.9,111.4,5.807842078124047,LOW,TopN_Re-rank,Roma,175
VG_data_DJI_20240917112805_0472_D.JPG,pkl_QingZhou_2024,-90.0,-85.2,111.4,24.455141765116082,LOW,TopN_Re-rank,Roma,118
VG_data_DJI_20240917112808_0473_D.JPG,pkl_QingZhou_2024,-90.0,-81.7,111.4,8.566263050040995,LOW,TopN_Re-rank,Roma,153
VG_data_DJI_20240917112809_0474_D.JPG,pkl_QingZhou_2024,-90.0,-81.7,111.4,8.170524484487855,LOW,TopN_Re-rank,Roma,184
VG_data_DJI_20240917112811_0475_D.JPG,pkl_QingZhou_2024,-90.0,-82.1,111.4,4.454691769222312,LOW,TopN_Re-rank,Roma,161
VG_data_DJI_20240917112813_0476_D.JPG,pkl_QingZhou_2024,-90.0,-82.2,111.4,4.4759185466792575,LOW,TopN_Re-rank,Roma,225
VG_data_DJI_20240917112815_0477_D.JPG,pkl_QingZhou_2024,-90.0,-82.2,111.4,6.70531003150768,LOW,TopN_Re-rank,Roma,150
VG_data_DJI_20240917112817_0478_D.JPG,pkl_QingZhou_2024,-90.0,-82.1,111.4,10.307300535456044,LOW,TopN_Re-rank,Roma,181
VG_data_DJI_20240917112818_0479_D.JPG,pkl_QingZhou_2024,-90.0,-82.2,111.4,10.510925140985071,LOW,TopN_Re-rank,Roma,145
VG_data_DJI_20240917112820_0480_D.JPG,pkl_QingZhou_2024,-90.0,-82.0,111.4,7.746914242212512,LOW,TopN_Re-rank,Roma,200
VG_data_DJI_20240917112823_0481_D.JPG,pkl_QingZhou_2024,-90.0,-83.8,111.4,6.964125537931589,LOW,TopN_Re-rank,Roma,234
VG_data_DJI_20240917112824_0482_D.JPG,pkl_QingZhou_2024,-90.0,-83.6,111.4,6.5851998146255175,LOW,TopN_Re-rank,Roma,256
VG_data_DJI_20240917112826_0483_D.JPG,pkl_QingZhou_2024,-90.0,-83.0,111.4,32.52206839960817,LOW,TopN_Re-rank,Roma,124
VG_data_DJI_20240917112828_0484_D.JPG,pkl_QingZhou_2024,-90.0,-83.0,111.4,11.341599538785633,LOW,TopN_Re-rank,Roma,147
VG_data_DJI_20240917112830_0485_D.JPG,pkl_QingZhou_2024,-90.0,-83.0,111.4,15.680353677511738,LOW,TopN_Re-rank,Roma,137
VG_data_DJI_20240917112832_0486_D.JPG,pkl_QingZhou_2024,-90.0,-83.7,111.4,4.095746133288429,LOW,TopN_Re-rank,Roma,192
VG_data_DJI_20240917112839_0487_D.JPG,pkl_QingZhou_2024,-66.3,-172.4,108.3,14.009848975662713,LOW,TopN_Re-rank,Roma,205
VG_data_DJI_20240917112842_0488_D.JPG,pkl_QingZhou_2024,-60.5,-172.4,108.3,21.10950051581932,LOW,TopN_Re-rank,Roma,169
VG_data_DJI_20240917113008_0507_D.JPG,pkl_QingZhou_2024,-41.8,161.8,107.8,240.31954220404148,LOW,TopN_Re-rank,Roma,78
VG_data_DJI_20240917113014_0509_D.JPG,pkl_QingZhou_2024,-30.1,146.4,107.7,189.40436018245097,LOW,TopN_Re-rank,Roma,90
VG_data_DJI_20240917113016_0510_D.JPG,pkl_QingZhou_2024,-30.1,146.4,107.7,1229.7899298731932,LOW,TopN_Re-rank,Roma,146
VG_data_DJI_20240917113019_0511_D.JPG,pkl_QingZhou_2024,-30.1,146.4,107.6,421.7947199109437,LOW,TopN_Re-rank,Roma,159
VG_data_DJI_20240917113020_0512_D.JPG,pkl_QingZhou_2024,-30.1,146.4,108.3,1181.2568351298194,LOW,TopN_Re-rank,Roma,112
VG_data_DJI_20240917113022_0513_D.JPG,pkl_QingZhou_2024,-30.1,146.4,108.3,752.7620149388534,LOW,TopN_Re-rank,Roma,220
VG_data_DJI_20240917113025_0514_D.JPG,pkl_QingZhou_2024,-30.1,146.4,108.3,700.0980661137265,LOW,TopN_Re-rank,Roma,146
VG_data_DJI_20240917113027_0515_D.JPG,pkl_QingZhou_2024,-30.1,146.4,108.3,525.5633932874134,LOW,TopN_Re-rank,Roma,97
VG_data_DJI_20240917113029_0516_D.JPG,pkl_QingZhou_2024,-30.1,146.4,108.3,472.6597498980121,LOW,TopN_Re-rank,Roma,82
VG_data_DJI_20240917113034_0518_D.JPG,pkl_QingZhou_2024,-45.5,145.3,113.7,21.016490053057765,LOW,TopN_Re-rank,Roma,159
VG_data_DJI_20240917113038_0519_D.JPG,pkl_QingZhou_2024,-90.0,145.3,114.2,1.3083724372613577,LOW,TopN_Re-rank,Roma,298
VG_data_DJI_20240917113040_0520_D.JPG,pkl_QingZhou_2024,-90.0,145.3,114.1,10.56085851256342,LOW,TopN_Re-rank,Roma,428
VG_data_DJI_20240917113041_0521_D.JPG,pkl_QingZhou_2024,-90.0,139.1,114.1,128.90225983183845,LOW,TopN_Re-rank,Roma,107
VG_data_DJI_20240917113043_0522_D.JPG,pkl_QingZhou_2024,-90.0,125.5,114.1,19.860736387554766,LOW,TopN_Re-rank,Roma,259
VG_data_DJI_20240917113045_0523_D.JPG,pkl_QingZhou_2024,-77.1,125.5,114.2,137.30761330094813,LOW,TopN_Re-rank,Roma,77
VG_data_DJI_20240917113047_0524_D.JPG,pkl_QingZhou_2024,-73.2,125.5,114.1,327.42751257954063,LOW,TopN_Re-rank,Roma,122
VG_data_DJI_20240917113049_0525_D.JPG,pkl_QingZhou_2024,-73.2,115.4,114.1,232.5842529581313,LOW,TopN_Re-rank,Roma,128
VG_data_DJI_20240917113051_0526_D.JPG,pkl_QingZhou_2024,-65.2,107.9,114.1,339.0011576300315,LOW,TopN_Re-rank,Roma,203
VG_data_DJI_20240917113054_0527_D.JPG,pkl_QingZhou_2024,-58.1,107.9,114.2,118.85859024894116,LOW,TopN_Re-rank,Roma,175
VG_data_DJI_20240917113057_0528_D.JPG,pkl_QingZhou_2024,-58.1,42.0,114.0,13.437109882941714,LOW,TopN_Re-rank,Roma,66
VG_data_DJI_20240917113059_0529_D.JPG,pkl_QingZhou_2024,-47.8,7.1,114.1,337.89347063225637,LOW,TopN_Re-rank,Roma,125
VG_data_DJI_20240917113101_0530_D.JPG,pkl_QingZhou_2024,-38.6,7.5,114.1,851.078512409027,LOW,TopN_Re-rank,Roma,49
VG_data_DJI_20240917113105_0531_D.JPG,pkl_QingZhou_2024,-37.6,-5.0,114.1,412.286642129124,LOW,TopN_Re-rank,Roma,276
VG_data_DJI_20240917113119_0536_D.JPG,pkl_QingZhou_2024,-38.0,-62.2,113.9,17.09858801900111,LOW,TopN_Re-rank,Roma,243
VG_data_DJI_20240917113121_0537_D.JPG,pkl_QingZhou_2024,-45.3,-62.3,105.7,10.849238598085403,LOW,TopN_Re-rank,Roma,188
VG_data_DJI_20240917113124_0538_D.JPG,pkl_QingZhou_2024,-54.0,-62.3,95.8,9.110256961793455,LOW,TopN_Re-rank,Roma,121
VG_data_DJI_20240917113127_0539_D.JPG,pkl_QingZhou_2024,-59.1,-62.4,85.9,364.854303511664,LOW,TopN_Re-rank,Roma,102
VG_data_DJI_20240917113130_0540_D.JPG,pkl_QingZhou_2024,-59.1,-62.4,74.2,212.1033147472596,LOW,TopN_Re-rank,Roma,428
VG_data_DJI_0442.JPG,pkl_Qingzhou_3_2,-44.9,87.6,193.1,9.472566407506676,LOW,TopN_Re-rank,Roma,164
VG_data_DJI_0443.JPG,pkl_Qingzhou_3_2,-44.9,87.6,191.7,13.486528964836971,LOW,TopN_Re-rank,Roma,181
VG_data_DJI_0444.JPG,pkl_Qingzhou_3_2,-44.9,87.1,189.3,16.190274713993897,LOW,TopN_Re-rank,Roma,189
VG_data_DJI_0445.JPG,pkl_Qingzhou_3_2,-44.9,86.6,186.7,9.087153411258083,LOW,TopN_Re-rank,Roma,214
VG_data_DJI_0446.JPG,pkl_Qingzhou_3_2,-44.9,87.2,184.5,6.637021055313003,LOW,TopN_Re-rank,Roma,156
VG_data_DJI_0447.JPG,pkl_Qingzhou_3_2,-44.9,87.2,183.6,18.041255866622684,LOW,TopN_Re-rank,Roma,125
VG_data_DJI_0448.JPG,pkl_Qingzhou_3_2,-44.9,87.2,181.8,9.765419042824444,LOW,TopN_Re-rank,Roma,168
VG_data_DJI_0449.JPG,pkl_Qingzhou_3_2,-44.9,87.2,180.1,9.34748020262477,LOW,TopN_Re-rank,Roma,143
VG_data_DJI_0450.JPG,pkl_Qingzhou_3_2,-44.9,87.2,175.0,12.37679312965086,LOW,TopN_Re-rank,Roma,140
VG_data_DJI_0451.JPG,pkl_Qingzhou_3_2,-44.9,87.3,174.4,12.808532379957184,LOW,TopN_Re-rank,Roma,164
VG_data_DJI_0452.JPG,pkl_Qingzhou_3_2,-44.9,87.3,174.4,8.176122366726002,LOW,TopN_Re-rank,Roma,126
VG_data_DJI_0453.JPG,pkl_Qingzhou_3_2,-44.9,87.3,174.4,17.002095450350204,LOW,TopN_Re-rank,Roma,193
VG_data_DJI_0454.JPG,pkl_Qingzhou_3_2,-44.9,87.3,174.5,6.993788251271021,LOW,TopN_Re-rank,Roma,181
VG_data_DJI_0455.JPG,pkl_Qingzhou_3_2,-44.9,87.2,174.7,8.421045032057592,LOW,TopN_Re-rank,Roma,116
VG_data_DJI_0456.JPG,pkl_Qingzhou_3_2,-44.9,87.1,174.6,29.060259380354335,LOW,TopN_Re-rank,Roma,119
VG_data_DJI_0457.JPG,pkl_Qingzhou_3_2,-44.9,85.6,174.6,20.425637275132846,LOW,TopN_Re-rank,Roma,122
VG_data_DJI_0458.JPG,pkl_Qingzhou_3_2,-44.9,85.6,174.6,13.638298361032676,LOW,TopN_Re-rank,Roma,169
VG_data_DJI_0459.JPG,pkl_Qingzhou_3_2,-44.9,85.6,174.5,15.129240517027851,LOW,TopN_Re-rank,Roma,135
VG_data_DJI_0460.JPG,pkl_Qingzhou_3_2,-44.9,85.6,174.5,28.326914070786952,LOW,TopN_Re-rank,Roma,142
VG_data_DJI_0461.JPG,pkl_Qingzhou_3_2,-44.9,85.6,174.5,24.45411130070534,LOW,TopN_Re-rank,Roma,103
VG_data_DJI_0462.JPG,pkl_Qingzhou_3_2,-44.9,85.6,174.6,4.109216466287789,LOW,TopN_Re-rank,Roma,119
VG_data_DJI_0463.JPG,pkl_Qingzhou_3_2,-44.9,85.5,174.5,31.211272081188064,LOW,TopN_Re-rank,Roma,124
VG_data_DJI_0464.JPG,pkl_Qingzhou_3_2,-44.9,85.5,174.5,26.94076468902199,LOW,TopN_Re-rank,Roma,149
VG_data_DJI_0465.JPG,pkl_Qingzhou_3_2,-44.9,86.9,174.4,23.113126783635032,LOW,TopN_Re-rank,Roma,128
VG_data_DJI_0466.JPG,pkl_Qingzhou_3_2,-44.9,86.9,174.5,2.5201660407182853,LOW,TopN_Re-rank,Roma,116
VG_data_DJI_0467.JPG,pkl_Qingzhou_3_2,-65.3,86.9,174.8,18.258291360523796,LOW,TopN_Re-rank,Roma,171
VG_data_DJI_0468.JPG,pkl_Qingzhou_3_2,-65.3,86.9,174.7,4.292206886098782,LOW,TopN_Re-rank,Roma,152
VG_data_DJI_0469.JPG,pkl_Qingzhou_3_2,-65.3,86.9,174.7,23.299895397272106,LOW,TopN_Re-rank,Roma,118
VG_data_DJI_0470.JPG,pkl_Qingzhou_3_2,-65.3,87.1,174.6,9.358967369754074,LOW,TopN_Re-rank,Roma,159
VG_data_DJI_0471.JPG,pkl_Qingzhou_3_2,-65.3,93.2,174.6,52.67263701175359,LOW,TopN_Re-rank,Roma,135
VG_data_DJI_0472.JPG,pkl_Qingzhou_3_2,-65.3,93.0,174.6,9.418063851702426,LOW,TopN_Re-rank,Roma,231
VG_data_DJI_0473.JPG,pkl_Qingzhou_3_2,-65.3,91.9,174.6,13.390177919102943,LOW,TopN_Re-rank,Roma,186
VG_data_DJI_0474.JPG,pkl_Qingzhou_3_2,-65.3,91.5,174.6,23.268912894766224,LOW,TopN_Re-rank,Roma,158
VG_data_DJI_0475.JPG,pkl_Qingzhou_3_2,-65.3,91.3,174.7,24.676676737875617,LOW,TopN_Re-rank,Roma,137
VG_data_DJI_0505.JPG,pkl_Qingzhou_3_2,-90.0,178.8,175.9,6.759459326720761,LOW,TopN_Re-rank,Roma,425
VG_data_DJI_0506.JPG,pkl_Qingzhou_3_2,-90.0,178.8,176.1,11.630059624774434,LOW,TopN_Re-rank,Roma,248
VG_data_DJI_0507.JPG,pkl_Qingzhou_3_2,-90.0,-179.5,176.3,7.9049861020302945,LOW,TopN_Re-rank,Roma,309
VG_data_DJI_0508.JPG,pkl_Qingzhou_3_2,-89.9,-178.8,176.3,6.138303131680599,LOW,TopN_Re-rank,Roma,344
VG_data_DJI_0509.JPG,pkl_Qingzhou_3_2,-89.9,-178.6,176.3,14.051998067420724,LOW,TopN_Re-rank,Roma,423
VG_data_DJI_0510.JPG,pkl_Qingzhou_3_2,-90.0,-177.1,176.4,3.6570772595818744,LOW,TopN_Re-rank,Roma,245
VG_data_DJI_0511.JPG,pkl_Qingzhou_3_2,-90.0,-176.3,176.5,15.68825582755238,LOW,TopN_Re-rank,Roma,273
VG_data_DJI_0512.JPG,pkl_Qingzhou_3_2,-89.9,-176.2,176.3,17.921007015177647,LOW,TopN_Re-rank,Roma,294
VG_data_DJI_0513.JPG,pkl_Qingzhou_3_2,-89.9,-176.0,176.1,7.46623889667854,LOW,TopN_Re-rank,Roma,237
VG_data_DJI_0514.JPG,pkl_Qingzhou_3_2,-89.9,-175.8,176.0,18.50584869070028,LOW,TopN_Re-rank,Roma,182
VG_data_DJI_0515.JPG,pkl_Qingzhou_3_2,-90.0,-175.4,176.1,7.254848767264276,LOW,TopN_Re-rank,Roma,255
VG_data_DJI_0516.JPG,pkl_Qingzhou_3_2,-89.9,-175.4,176.1,9.033293507705425,LOW,TopN_Re-rank,Roma,358
VG_data_DJI_0517.JPG,pkl_Qingzhou_3_2,-90.0,-175.4,176.1,24.727874508734025,LOW,TopN_Re-rank,Roma,269
VG_data_DJI_0518.JPG,pkl_Qingzhou_3_2,-89.9,-175.4,176.0,6.907815292001011,LOW,TopN_Re-rank,Roma,301
VG_data_DJI_0519.JPG,pkl_Qingzhou_3_2,-89.9,-175.5,176.1,21.194652361852214,LOW,TopN_Re-rank,Roma,173
VG_data_DJI_0520.JPG,pkl_Qingzhou_3_2,-89.9,-176.2,176.2,34.39900145368788,LOW,TopN_Re-rank,Roma,138
VG_data_DJI_0521.JPG,pkl_Qingzhou_3_2,-90.0,-177.1,176.3,8.798691588695048,LOW,TopN_Re-rank,Roma,134
VG_data_DJI_0522.JPG,pkl_Qingzhou_3_2,-90.0,-178.6,176.3,32.14882026935892,LOW,TopN_Re-rank,Roma,149
VG_data_DJI_0523.JPG,pkl_Qingzhou_3_2,-90.0,-178.6,175.8,65.32753862411055,LOW,TopN_Re-rank,Roma,117
VG_data_DJI_0524.JPG,pkl_Qingzhou_3_2,-89.9,-178.8,175.9,586.9125572712288,LOW,TopN_Re-rank,Roma,178
VG_data_DJI_0525.JPG,pkl_Qingzhou_3_2,-89.9,-178.8,176.2,60.30292643674269,LOW,TopN_Re-rank,Roma,95
VG_data_DJI_0526.JPG,pkl_Qingzhou_3_2,-89.9,-179.2,176.4,333.9426094072102,LOW,TopN_Re-rank,Roma,119
VG_data_DJI_0527.JPG,pkl_Qingzhou_3_2,-90.0,173.9,176.4,38.032532894918695,LOW,TopN_Re-rank,Roma,82
VG_data_DJI_0528.JPG,pkl_Qingzhou_3_2,-90.0,173.9,176.5,20.555211886608422,LOW,TopN_Re-rank,Roma,150
VG_data_DJI_0529.JPG,pkl_Qingzhou_3_2,-89.9,173.9,176.5,47.02555584092638,LOW,TopN_Re-rank,Roma,121
VG_data_DJI_0532.JPG,pkl_QZ_SongCity,-90.0,-13.5,119.8,9.23326059706562,LOW,TopN_Re-rank,Roma,436
VG_data_DJI_0533.JPG,pkl_QZ_SongCity,-89.9,-136.2,119.9,3.736703062236528,LOW,TopN_Re-rank,Roma,435
VG_data_DJI_0534.JPG,pkl_QZ_SongCity,-89.9,-138.4,119.5,7.595596280702316,LOW,TopN_Re-rank,Roma,349
VG_data_DJI_0535.JPG,pkl_QZ_SongCity,-89.9,-138.7,119.2,3.238000785116953,LOW,TopN_Re-rank,Roma,353
VG_data_DJI_0536.JPG,pkl_QZ_SongCity,-89.9,-139.4,119.4,16.753481938871843,LOW,TopN_Re-rank,Roma,470
VG_data_DJI_0537.JPG,pkl_QZ_SongCity,-90.0,-140.1,119.5,23.91884425763975,LOW,TopN_Re-rank,Roma,779
VG_data_DJI_0538.JPG,pkl_QZ_SongCity,-89.9,-140.6,119.3,9.183622302954086,LOW,TopN_Re-rank,Roma,678
VG_data_DJI_0539.JPG,pkl_QZ_SongCity,-89.9,-140.8,119.4,8.172623132203762,LOW,TopN_Re-rank,Roma,736
VG_data_DJI_0540.JPG,pkl_QZ_SongCity,-89.9,-140.8,119.4,10.12107793363716,LOW,TopN_Re-rank,Roma,611
VG_data_DJI_0541.JPG,pkl_QZ_SongCity,-89.9,95.5,119.4,115.46520842756499,LOW,TopN_Re-rank,Roma,325
VG_data_DJI_0542.JPG,pkl_QZ_SongCity,-89.9,91.7,119.3,9.410114788702284,LOW,TopN_Re-rank,Roma,510
VG_data_DJI_0543.JPG,pkl_QZ_SongCity,-89.9,90.1,119.2,11.05038510805166,LOW,TopN_Re-rank,Roma,716
VG_data_DJI_0544.JPG,pkl_QZ_SongCity,-90.0,90.0,119.3,31.66526797766175,LOW,TopN_Re-rank,Roma,652
VG_data_DJI_0545.JPG,pkl_QZ_SongCity,-89.9,89.9,119.3,33.38705639831311,LOW,TopN_Re-rank,Roma,676
VG_data_DJI_0546.JPG,pkl_QZ_SongCity,-89.9,89.8,119.3,23.442978902515435,LOW,TopN_Re-rank,Roma,1144
VG_data_DJI_0547.JPG,pkl_QZ_SongCity,-89.9,89.9,119.4,11.173781811884057,LOW,TopN_Re-rank,Roma,930
VG_data_DJI_0548.JPG,pkl_QZ_SongCity,-89.9,89.9,119.4,13.971488151117022,LOW,TopN_Re-rank,Roma,1482
VG_data_DJI_0549.JPG,pkl_QZ_SongCity,-89.9,89.8,119.3,302.73822710085847,LOW,TopN_Re-rank,Roma,63
VG_data_DJI_0550.JPG,pkl_QZ_SongCity,-90.0,89.8,119.4,1306.394874929332,LOW,TopN_Re-rank,Roma,70
VG_data_DJI_0551.JPG,pkl_QZ_SongCity,-90.0,89.9,119.4,148.64175524212007,LOW,TopN_Re-rank,Roma,101
VG_data_DJI_0552.JPG,pkl_QZ_SongCity,-90.0,90.0,119.3,331.1736833462496,LOW,TopN_Re-rank,Roma,134
VG_data_DJI_0553.JPG,pkl_QZ_SongCity,-89.9,90.0,119.2,221.2115158147788,LOW,TopN_Re-rank,Roma,72
VG_data_DJI_0554.JPG,pkl_QZ_SongCity,-89.9,90.0,119.3,7.484056234954563,LOW,TopN_Re-rank,Roma,373
VG_data_DJI_0555.JPG,pkl_QZ_SongCity,-89.9,92.7,119.4,2.0126454662235025,LOW,TopN_Re-rank,Roma,300
VG_data_DJI_0556.JPG,pkl_QZ_SongCity,-89.9,92.3,119.3,7.472051810850792,LOW,TopN_Re-rank,Roma,273
VG_data_DJI_0557.JPG,pkl_QZ_SongCity,-89.9,91.1,119.3,1.8066478233359626,LOW,TopN_Re-rank,Roma,370
VG_data_DJI_0558.JPG,pkl_QZ_SongCity,-89.9,89.9,119.5,4.977126451545604,LOW,TopN_Re-rank,Roma,479
VG_data_DJI_0559.JPG,pkl_QZ_SongCity,-90.0,90.6,119.4,3.594497676067856,LOW,TopN_Re-rank,Roma,499
VG_data_DJI_0560.JPG,pkl_QZ_SongCity,-90.0,90.0,119.4,7.05070905389523,LOW,TopN_Re-rank,Roma,416
VG_data_DJI_0561.JPG,pkl_QZ_SongCity,-89.9,89.8,119.6,8.233590551935977,LOW,TopN_Re-rank,Roma,513
VG_data_DJI_0562.JPG,pkl_QZ_SongCity,-89.9,90.0,119.4,8.744520648429376,LOW,TopN_Re-rank,Roma,409
VG_data_DJI_0563.JPG,pkl_QZ_SongCity,-90.0,90.3,119.5,4.8304695985003985,LOW,TopN_Re-rank,Roma,509
VG_data_DJI_0564.JPG,pkl_QZ_SongCity,-89.9,90.2,119.5,5.074053456179165,LOW,TopN_Re-rank,Roma,539
VG_data_DJI_0565.JPG,pkl_QZ_SongCity,-89.9,90.2,119.4,9.969953746328198,LOW,TopN_Re-rank,Roma,322
VG_data_DJI_0566.JPG,pkl_QZ_SongCity,-89.9,90.0,119.4,35.6328710525181,LOW,TopN_Re-rank,Roma,408
VG_data_DJI_0567.JPG,pkl_QZ_SongCity,-89.9,89.8,119.4,4.534894493459628,LOW,TopN_Re-rank,Roma,342
VG_data_DJI_0568.JPG,pkl_QZ_SongCity,-89.9,89.8,119.5,14.306352805636283,LOW,TopN_Re-rank,Roma,276
VG_data_DJI_0569.JPG,pkl_QZ_SongCity,-89.9,90.1,119.3,32.711782509103315,LOW,TopN_Re-rank,Roma,540
VG_data_DJI_0570.JPG,pkl_QZ_SongCity,-90.0,90.0,119.3,7.635571267282552,LOW,TopN_Re-rank,Roma,622
VG_data_DJI_0571.JPG,pkl_QZ_SongCity,-89.9,88.3,119.4,14.85586523127617,LOW,TopN_Re-rank,Roma,677
VG_data_DJI_0572.JPG,pkl_QZ_SongCity,-89.9,89.3,119.3,38.953927688042874,LOW,TopN_Re-rank,Roma,217
VG_data_DJI_0573.JPG,pkl_QZ_SongCity,-90.0,90.2,119.3,18.337973769739776,LOW,TopN_Re-rank,Roma,219
VG_data_DJI_0574.JPG,pkl_QZ_SongCity,-89.9,88.8,119.1,8.759991601876543,LOW,TopN_Re-rank,Roma,250
VG_data_DJI_0575.JPG,pkl_QZ_SongCity,-89.9,89.0,119.4,17.55719168772214,LOW,TopN_Re-rank,Roma,306
VG_data_DJI_0576.JPG,pkl_QZ_SongCity,-89.9,90.0,119.3,11.975062309131282,LOW,TopN_Re-rank,Roma,319
VG_data_DJI_0577.JPG,pkl_QZ_SongCity,-89.9,90.5,119.3,11.758514295481286,LOW,TopN_Re-rank,Roma,217
VG_data_DJI_0578.JPG,pkl_QZ_SongCity,-89.9,90.3,119.2,8.31040464146446,LOW,TopN_Re-rank,Roma,359
VG_data_DJI_0579.JPG,pkl_QZ_SongCity,-90.0,90.0,119.4,5.792377534223553,LOW,TopN_Re-rank,Roma,276
VG_data_DJI_0580.JPG,pkl_QZ_SongCity,-89.9,90.0,119.3,6.587341710278776,LOW,TopN_Re-rank,Roma,377
VG_data_DJI_0581.JPG,pkl_QZ_SongCity,-89.9,89.8,119.2,14.15218580971243,LOW,TopN_Re-rank,Roma,456
VG_data_DJI_0582.JPG,pkl_QZ_SongCity,-90.0,89.8,119.2,8.65470652972896,LOW,TopN_Re-rank,Roma,454
VG_data_DJI_0583.JPG,pkl_QZ_SongCity,-89.9,89.8,119.3,6.590134681821276,LOW,TopN_Re-rank,Roma,519
VG_data_DJI_0584.JPG,pkl_QZ_SongCity,-90.0,89.7,119.3,6.201918783617975,LOW,TopN_Re-rank,Roma,573
VG_data_DJI_0585.JPG,pkl_QZ_SongCity,-89.9,89.8,119.3,11.898269757133063,LOW,TopN_Re-rank,Roma,429
VG_data_DJI_0586.JPG,pkl_QZ_SongCity,-89.9,93.7,119.2,8.154917207737546,LOW,TopN_Re-rank,Roma,305
VG_data_DJI_0587.JPG,pkl_QZ_SongCity,-89.9,93.0,119.4,5.5969183035034344,LOW,TopN_Re-rank,Roma,248
VG_data_DJI_0588.JPG,pkl_QZ_SongCity,-90.0,92.2,119.4,14.864010292448958,LOW,TopN_Re-rank,Roma,315
VG_data_DJI_0589.JPG,pkl_QZ_SongCity,-89.9,91.0,119.4,11.696469046720509,LOW,TopN_Re-rank,Roma,422
VG_data_DJI_0590.JPG,pkl_QZ_SongCity,-90.0,91.3,119.5,5.04372410743346,LOW,TopN_Re-rank,Roma,293
VG_data_DJI_0591.JPG,pkl_QZ_SongCity,-90.0,91.4,119.4,6.258342097286686,LOW,TopN_Re-rank,Roma,178
VG_data_DJI_0592.JPG,pkl_QZ_SongCity,-89.9,91.4,119.5,13.372290549174402,LOW,TopN_Re-rank,Roma,413
VG_data_DJI_0593.JPG,pkl_QZ_SongCity,-90.0,91.3,119.3,9.129488487735875,LOW,TopN_Re-rank,Roma,542
VG_data_DJI_0594.JPG,pkl_QZ_SongCity,-89.9,91.3,119.3,4.764659747449298,LOW,TopN_Re-rank,Roma,336
VG_data_DJI_0595.JPG,pkl_QZ_SongCity,-89.9,91.3,119.3,9.702547703562505,LOW,TopN_Re-rank,Roma,484
VG_data_DJI_0596.JPG,pkl_QZ_SongCity,-89.9,91.2,119.2,9.857324922285182,LOW,TopN_Re-rank,Roma,256
VG_data_DJI_0597.JPG,pkl_QZ_SongCity,-90.0,91.1,119.1,7.867976642505025,LOW,TopN_Re-rank,Roma,232
VG_data_DJI_0598.JPG,pkl_QZ_SongCity,-90.0,90.9,119.3,18.245851311266247,LOW,TopN_Re-rank,Roma,207
VG_data_DJI_0599.JPG,pkl_QZ_SongCity,-90.0,90.9,119.3,12.436604185316902,LOW,TopN_Re-rank,Roma,274
VG_data_DJI_0600.JPG,pkl_QZ_SongCity,-89.9,90.9,119.4,25.304436058771003,LOW,TopN_Re-rank,Roma,196
VG_data_DJI_0601.JPG,pkl_QZ_SongCity,-90.0,90.8,119.4,20.802981004791498,LOW,TopN_Re-rank,Roma,250
VG_data_DJI_0602.JPG,pkl_QZ_SongCity,-89.9,86.6,119.4,16.670433882001525,LOW,TopN_Re-rank,Roma,257
VG_data_DJI_0603.JPG,pkl_QZ_SongCity,-44.9,136.0,79.3,672.9700509994303,LOW,TopN_Re-rank,Roma,223
VG_data_DJI_0604.JPG,pkl_QZ_SongCity,-44.9,135.7,94.1,58.088583793408354,LOW,TopN_Re-rank,Roma,286
VG_data_DJI_0605.JPG,pkl_QZ_SongCity,-44.9,135.5,109.4,37.883931890547494,LOW,TopN_Re-rank,Roma,372
VG_data_DJI_0615.JPG,pkl_QZ_SongCity,-44.9,179.7,119.3,3.1501345093804933,LOW,TopN_Re-rank,Roma,203
VG_data_DJI_0616.JPG,pkl_QZ_SongCity,-44.9,-178.6,119.2,7.460057314295115,LOW,TopN_Re-rank,Roma,166
VG_data_DJI_0617.JPG,pkl_QZ_SongCity,-44.9,-179.5,119.1,3.720113317327037,LOW,TopN_Re-rank,Roma,140
VG_data_DJI_0618.JPG,pkl_QZ_SongCity,-44.9,-179.5,119.5,4.310026708376503,LOW,TopN_Re-rank,Roma,177
VG_data_DJI_0619.JPG,pkl_QZ_SongCity,-44.9,-179.5,119.3,2.8200519031640434,LOW,TopN_Re-rank,Roma,175
VG_data_DJI_0620.JPG,pkl_QZ_SongCity,-44.9,-179.6,119.3,57.20107517496582,LOW,TopN_Re-rank,Roma,214
VG_data_DJI_0621.JPG,pkl_QZ_SongCity,-44.9,-179.7,119.4,2.1414209501070864,LOW,TopN_Re-rank,Roma,238
VG_data_DJI_0622.JPG,pkl_QZ_SongCity,-45.0,179.3,119.4,4.084308155696355,LOW,TopN_Re-rank,Roma,284
VG_data_DJI_0623.JPG,pkl_QZ_SongCity,-44.9,-179.8,119.5,2.321006368538175,LOW,TopN_Re-rank,Roma,294
VG_data_DJI_0624.JPG,pkl_QZ_SongCity,-44.9,-179.2,119.4,7.006203616353634,LOW,TopN_Re-rank,Roma,226
VG_data_DJI_0625.JPG,pkl_QZ_SongCity,-44.9,177.2,119.5,3.540657104711264,LOW,TopN_Re-rank,Roma,321
VG_data_DJI_0626.JPG,pkl_QZ_SongCity,-44.9,179.7,119.3,6.422567894611263,LOW,TopN_Re-rank,Roma,325
VG_data_DJI_0627.JPG,pkl_QZ_SongCity,-44.9,179.3,119.5,7.164624557015064,LOW,TopN_Re-rank,Roma,181
VG_data_DJI_0628.JPG,pkl_QZ_SongCity,-44.9,179.0,119.5,10.150576952823481,LOW,TopN_Re-rank,Roma,162
VG_data_DJI_0629.JPG,pkl_QZ_SongCity,-45.0,179.2,119.4,7.6191909887825435,LOW,TopN_Re-rank,Roma,163
VG_data_DJI_0630.JPG,pkl_QZ_SongCity,-44.9,179.5,119.3,9.775488842173376,LOW,TopN_Re-rank,Roma,197
VG_data_DJI_0631.JPG,pkl_QZ_SongCity,-44.9,179.4,119.4,7.8619740289704305,LOW,TopN_Re-rank,Roma,237
VG_data_DJI_0632.JPG,pkl_QZ_SongCity,-45.0,179.8,119.4,10.153644312686897,LOW,TopN_Re-rank,Roma,175
VG_data_DJI_0633.JPG,pkl_QZ_SongCity,-44.9,-179.6,119.5,3.662516801864337,LOW,TopN_Re-rank,Roma,284
VG_data_DJI_0634.JPG,pkl_QZ_SongCity,-44.9,-179.1,118.9,11.701852394102623,LOW,TopN_Re-rank,Roma,310
VG_data_DJI_0635.JPG,pkl_QZ_SongCity,-44.9,179.7,119.6,13.018945483890711,LOW,TopN_Re-rank,Roma,374
VG_data_DJI_0636.JPG,pkl_QZ_SongCity,-44.9,-179.9,119.5,11.16121648836777,LOW,TopN_Re-rank,Roma,214
VG_data_DJI_0637.JPG,pkl_QZ_SongCity,-44.9,-179.9,119.3,8.041615154537885,LOW,TopN_Re-rank,Roma,166
VG_data_DJI_0638.JPG,pkl_QZ_SongCity,-44.9,-179.9,119.4,6.2864156466777725,LOW,TopN_Re-rank,Roma,114
VG_data_DJI_0639.JPG,pkl_QZ_SongCity,-44.9,-179.8,119.3,9.480551410556028,LOW,TopN_Re-rank,Roma,302
VG_data_DJI_0640.JPG,pkl_QZ_SongCity,-44.9,-179.8,119.3,2.0680237512727557,LOW,TopN_Re-rank,Roma,261
VG_data_DJI_0641.JPG,pkl_QZ_SongCity,-45.0,179.9,119.3,6.703878593070751,LOW,TopN_Re-rank,Roma,310
VG_data_DJI_0642.JPG,pkl_QZ_SongCity,-44.9,-179.1,119.4,8.279841108919763,LOW,TopN_Re-rank,Roma,296
VG_data_DJI_0643.JPG,pkl_QZ_SongCity,-44.9,178.2,119.3,8.597820083872918,LOW,TopN_Re-rank,Roma,409
VG_data_DJI_0644.JPG,pkl_QZ_SongCity,-44.9,179.7,119.3,12.738871057728916,LOW,TopN_Re-rank,Roma,453
VG_data_DJI_0645.JPG,pkl_QZ_SongCity,-44.9,179.5,119.4,13.690883525434167,LOW,TopN_Re-rank,Roma,294
VG_data_DJI_0646.JPG,pkl_QZ_SongCity,-44.9,179.3,119.4,9.990291285546514,LOW,TopN_Re-rank,Roma,329
VG_data_DJI_0647.JPG,pkl_QZ_SongCity,-44.9,179.1,119.4,23.438981828061223,LOW,TopN_Re-rank,Roma,172
VG_data_DJI_0648.JPG,pkl_QZ_SongCity,-44.9,179.5,119.2,13.689474604960116,LOW,TopN_Re-rank,Roma,305
VG_data_DJI_0649.JPG,pkl_QZ_SongCity,-44.9,179.2,119.1,13.545847692105577,LOW,TopN_Re-rank,Roma,282
VG_data_DJI_0650.JPG,pkl_QZ_SongCity,-44.9,179.6,119.0,2.9476818379177456,LOW,TopN_Re-rank,Roma,248
VG_data_DJI_0651.JPG,pkl_QZ_SongCity,-44.9,-178.6,119.2,9.770514825853281,LOW,TopN_Re-rank,Roma,382
VG_data_DJI_0652.JPG,pkl_QZ_SongCity,-44.9,-179.4,119.4,0.7213204439475177,LOW,TopN_Re-rank,Roma,401
VG_data_DJI_0653.JPG,pkl_QZ_SongCity,-44.9,-179.7,119.3,22.590795309086193,LOW,TopN_Re-rank,Roma,314
VG_data_DJI_0654.JPG,pkl_QZ_SongCity,-44.9,-179.9,119.4,1.875896376956649,LOW,TopN_Re-rank,Roma,550
VG_data_DJI_0655.JPG,pkl_QZ_SongCity,-44.9,-179.9,119.4,22.62574459857346,LOW,TopN_Re-rank,Roma,234
VG_data_DJI_0656.JPG,pkl_QZ_SongCity,-44.9,179.2,119.2,4.455219318592528,LOW,TopN_Re-rank,Roma,296
VG_data_DJI_0657.JPG,pkl_QZ_SongCity,-44.9,179.7,119.5,6.891917230304679,LOW,TopN_Re-rank,Roma,544
VG_data_DJI_0658.JPG,pkl_QZ_SongCity,-44.9,179.8,119.5,5.415285453269181,LOW,TopN_Re-rank,Roma,940
VG_data_DJI_0659.JPG,pkl_QZ_SongCity,-44.9,179.4,119.4,6.911326345872428,LOW,TopN_Re-rank,Roma,657
VG_data_DJI_0660.JPG,pkl_QZ_SongCity,-44.9,-103.2,119.6,9.674789764457092,LOW,TopN_Re-rank,Roma,380
VG_data_DJI_0661.JPG,pkl_QZ_SongCity,-44.9,-100.7,119.4,9.466302028977756,LOW,TopN_Re-rank,Roma,179
VG_data_DJI_0662.JPG,pkl_QZ_SongCity,-44.9,-101.7,119.2,8.977231784640738,LOW,TopN_Re-rank,Roma,210
VG_data_DJI_0663.JPG,pkl_QZ_SongCity,-44.9,-102.5,119.0,11.70037212752406,LOW,TopN_Re-rank,Roma,455
VG_data_DJI_0664.JPG,pkl_QZ_SongCity,-45.0,-102.5,113.4,9.634052725465677,LOW,TopN_Re-rank,Roma,213
VG_data_DJI_0665.JPG,pkl_QZ_SongCity,-45.0,149.9,119.7,30.873636025919776,LOW,TopN_Re-rank,Roma,189
VG_data_DJI_0666.JPG,pkl_QZ_SongCity,-45.0,148.9,119.4,11.91819879805449,LOW,TopN_Re-rank,Roma,249
VG_data_DJI_0667.JPG,pkl_QZ_SongCity,-45.0,148.6,119.4,33.685054968858864,LOW,TopN_Re-rank,Roma,304
VG_data_DJI_0668.JPG,pkl_QZ_SongCity,-45.0,148.4,119.4,7.134683532272901,LOW,TopN_Re-rank,Roma,412
VG_data_DJI_0669.JPG,pkl_QZ_SongCity,-45.0,148.3,119.4,5.369272238533163,LOW,TopN_Re-rank,Roma,579
VG_data_DJI_0674.JPG,pkl_QZ_SongCity,-45.0,1.0,119.4,19.456119860866778,LOW,TopN_Re-rank,Roma,263
VG_data_DJI_0675.JPG,pkl_QZ_SongCity,-44.9,-0.9,119.2,17.54235675675131,LOW,TopN_Re-rank,Roma,279
VG_data_DJI_0676.JPG,pkl_QZ_SongCity,-45.0,-0.5,119.3,1.820838047390699,LOW,TopN_Re-rank,Roma,362
VG_data_DJI_0677.JPG,pkl_QZ_SongCity,-45.0,-0.6,119.3,15.650726596154847,LOW,TopN_Re-rank,Roma,307
VG_data_DJI_0678.JPG,pkl_QZ_SongCity,-45.0,-0.6,119.2,13.025007012972385,LOW,TopN_Re-rank,Roma,323
VG_data_DJI_0679.JPG,pkl_QZ_SongCity,-45.0,-0.8,119.2,13.029849721978836,LOW,TopN_Re-rank,Roma,385
VG_data_DJI_0680.JPG,pkl_QZ_SongCity,-45.0,-0.6,119.3,17.541710773071987,LOW,TopN_Re-rank,Roma,373
VG_data_DJI_0681.JPG,pkl_QZ_SongCity,-45.0,-0.8,119.2,6.541044717370219,LOW,TopN_Re-rank,Roma,510
VG_data_DJI_0682.JPG,pkl_QZ_SongCity,-45.0,-0.5,119.2,10.244599936154263,LOW,TopN_Re-rank,Roma,404
VG_data_DJI_0683.JPG,pkl_QZ_SongCity,-45.0,0.9,119.2,18.503362973292933,LOW,TopN_Re-rank,Roma,344
VG_data_DJI_0684.JPG,pkl_QZ_SongCity,-45.0,0.7,119.2,8.837686290939976,LOW,TopN_Re-rank,Roma,361
VG_data_DJI_0685.JPG,pkl_QZ_SongCity,-45.0,0.7,119.3,4.4822693277893535,LOW,TopN_Re-rank,Roma,500
VG_data_DJI_0686.JPG,pkl_QZ_SongCity,-45.0,0.3,119.4,534.880357671203,LOW,TopN_Re-rank,Roma,305
VG_data_DJI_0687.JPG,pkl_QZ_SongCity,-45.0,0.3,119.4,5.935767432931081,LOW,TopN_Re-rank,Roma,336
VG_data_DJI_0688.JPG,pkl_QZ_SongCity,-45.0,0.3,119.5,2.909643608788257,LOW,TopN_Re-rank,Roma,304
VG_data_DJI_0689.JPG,pkl_QZ_SongCity,-45.0,0.3,119.4,8.964734355391704,LOW,TopN_Re-rank,Roma,271
VG_data_DJI_0690.JPG,pkl_QZ_SongCity,-45.0,0.3,119.5,7.108558238029805,LOW,TopN_Re-rank,Roma,329
VG_data_DJI_0691.JPG,pkl_QZ_SongCity,-45.0,-0.7,119.4,13.792540832235012,LOW,TopN_Re-rank,Roma,250
VG_data_DJI_0692.JPG,pkl_QZ_SongCity,-45.0,-1.5,119.4,4.37474918954282,LOW,TopN_Re-rank,Roma,452
VG_data_DJI_0693.JPG,pkl_QZ_SongCity,-45.0,0.0,119.2,12.202512174979251,LOW,TopN_Re-rank,Roma,381
VG_data_DJI_0694.JPG,pkl_QZ_SongCity,-45.0,-0.2,119.3,9.069893075948626,LOW,TopN_Re-rank,Roma,325
VG_data_DJI_0695.JPG,pkl_QZ_SongCity,-45.0,-0.4,119.4,3.695462062809838,LOW,TopN_Re-rank,Roma,265
VG_data_DJI_0696.JPG,pkl_QZ_SongCity,-45.0,-0.4,119.3,11.70580785458906,LOW,TopN_Re-rank,Roma,303
VG_data_DJI_0697.JPG,pkl_QZ_SongCity,-45.0,-0.5,119.3,5.122416488230673,LOW,TopN_Re-rank,Roma,294
VG_data_DJI_0698.JPG,pkl_QZ_SongCity,-45.0,-0.6,119.4,16.46297667596893,LOW,TopN_Re-rank,Roma,367
VG_data_DJI_0699.JPG,pkl_QZ_SongCity,-45.0,-0.7,119.5,7.553824572228294,LOW,TopN_Re-rank,Roma,288
VG_data_DJI_0700.JPG,pkl_QZ_SongCity,-45.0,0.2,119.4,7.307217154019171,LOW,TopN_Re-rank,Roma,475
VG_data_DJI_0701.JPG,pkl_QZ_SongCity,-45.0,0.2,119.3,9.849515987031385,LOW,TopN_Re-rank,Roma,177
VG_data_DJI_0702.JPG,pkl_QZ_SongCity,-45.0,0.3,119.3,446.7263637468331,LOW,TopN_Re-rank,Roma,214
VG_data_DJI_0703.JPG,pkl_QZ_SongCity,-45.0,0.4,119.4,17.263156108435886,LOW,TopN_Re-rank,Roma,158
VG_data_DJI_0704.JPG,pkl_QZ_SongCity,-45.0,0.4,119.4,4.665758438305119,LOW,TopN_Re-rank,Roma,206
VG_data_DJI_0705.JPG,pkl_QZ_SongCity,-45.0,0.4,119.3,3.4163062343066883,LOW,TopN_Re-rank,Roma,213
VG_data_DJI_0706.JPG,pkl_QZ_SongCity,-45.0,0.3,119.3,7.124849896242874,LOW,TopN_Re-rank,Roma,213
VG_data_DJI_0707.JPG,pkl_QZ_SongCity,-45.0,0.3,119.3,7.709348611548181,LOW,TopN_Re-rank,Roma,266
VG_data_DJI_0708.JPG,pkl_QZ_SongCity,-45.0,0.2,119.3,3.798155613533078,LOW,TopN_Re-rank,Roma,253
VG_data_DJI_0709.JPG,pkl_QZ_SongCity,-45.0,-1.3,119.3,2.765894237802941,LOW,TopN_Re-rank,Roma,318
VG_data_DJI_0710.JPG,pkl_QZ_SongCity,-45.0,-0.9,119.2,2.2909469032968004,LOW,TopN_Re-rank,Roma,304
VG_data_DJI_0711.JPG,pkl_QZ_SongCity,-45.0,0.0,119.3,12.27798284246202,LOW,TopN_Re-rank,Roma,186
VG_data_DJI_0712.JPG,pkl_QZ_SongCity,-45.0,-0.2,119.3,6.213466363621851,LOW,TopN_Re-rank,Roma,176
VG_data_DJI_0713.JPG,pkl_QZ_SongCity,-45.0,-0.4,119.4,4.535498254346009,LOW,TopN_Re-rank,Roma,193
VG_data_DJI_0714.JPG,pkl_QZ_SongCity,-45.0,-0.4,119.5,1.8643180433768325,LOW,TopN_Re-rank,Roma,132
VG_data_DJI_0715.JPG,pkl_QZ_SongCity,-45.0,-0.4,119.4,12.90371923479807,LOW,TopN_Re-rank,Roma,151
VG_data_DJI_0716.JPG,pkl_QZ_SongCity,-45.0,-0.4,119.4,16.177303741422246,LOW,TopN_Re-rank,Roma,120
VG_data_DJI_0717.JPG,pkl_QZ_SongCity,-45.0,0.0,119.4,226.6621216057028,LOW,TopN_Re-rank,Roma,114
VG_data_DJI_0718.JPG,pkl_QZ_SongCity,-45.0,2.3,119.6,6.490499687085886,LOW,TopN_Re-rank,Roma,140
VG_data_DJI_0719.JPG,pkl_QZ_SongCity,-45.0,58.6,119.3,10.404301265318322,LOW,TopN_Re-rank,Roma,231
VG_data_DJI_0720.JPG,pkl_QZ_SongCity,-45.0,59.7,119.4,10.27945696073707,LOW,TopN_Re-rank,Roma,226
VG_data_DJI_0721.JPG,pkl_QZ_SongCity,-45.0,60.4,119.1,4.7505383237427194,LOW,TopN_Re-rank,Roma,224
VG_data_DJI_0722.JPG,pkl_QZ_SongCity,-45.0,60.5,119.6,4.23305928794178,LOW,TopN_Re-rank,Roma,210
VG_data_DJI_0724.JPG,pkl_QZ_SongCity,-45.0,-46.7,33.4,181.63291917971344,LOW,TopN_Re-rank,Roma,200
VG_data_DJI_0725.JPG,pkl_QZ_SongCity,-45.0,-46.9,48.4,354.40057278157633,LOW,TopN_Re-rank,Roma,188
VG_data_DJI_0726.JPG,pkl_QZ_SongCity,-45.0,-46.9,65.0,12.367178740936717,LOW,TopN_Re-rank,Roma,201
VG_data_DJI_0727.JPG,pkl_QZ_SongCity,-45.0,-47.0,77.2,5.184294427428036,LOW,TopN_Re-rank,Roma,341
VG_data_DJI_0728.JPG,pkl_QZ_SongCity,-45.0,-47.0,93.0,6.631402510653987,LOW,TopN_Re-rank,Roma,276
VG_data_DJI_0729.JPG,pkl_QZ_SongCity,-45.0,-47.0,108.0,3.660292852934505,LOW,TopN_Re-rank,Roma,365
VG_data_DJI_0730.JPG,pkl_QZ_SongCity,-45.0,-61.8,119.9,22.054286464089884,LOW,TopN_Re-rank,Roma,219
VG_data_DJI_0731.JPG,pkl_QZ_SongCity,-45.0,-66.0,119.6,4.059198867776392,LOW,TopN_Re-rank,Roma,342
VG_data_DJI_0732.JPG,pkl_QZ_SongCity,-45.0,-66.3,119.4,354.4911055089002,LOW,TopN_Re-rank,Roma,218
VG_data_DJI_0739.JPG,pkl_QZ_SongCity,-44.9,88.5,119.3,14.677966563567795,LOW,TopN_Re-rank,Roma,322
VG_data_DJI_0740.JPG,pkl_QZ_SongCity,-45.0,89.3,119.4,0.9223393578088276,LOW,TopN_Re-rank,Roma,228
VG_data_DJI_0741.JPG,pkl_QZ_SongCity,-45.0,89.5,119.4,6.136694053558929,LOW,TopN_Re-rank,Roma,265
VG_data_DJI_0742.JPG,pkl_QZ_SongCity,-45.0,89.6,119.5,3.4551613761171422,LOW,TopN_Re-rank,Roma,860
VG_data_DJI_0743.JPG,pkl_QZ_SongCity,-45.0,89.6,119.4,5.736154678053462,LOW,TopN_Re-rank,Roma,832
VG_data_DJI_0744.JPG,pkl_QZ_SongCity,-44.9,88.9,119.3,6.727107634675498,LOW,TopN_Re-rank,Roma,418
VG_data_DJI_0745.JPG,pkl_QZ_SongCity,-45.0,90.9,119.3,10.751659361583332,LOW,TopN_Re-rank,Roma,321
VG_data_DJI_0746.JPG,pkl_QZ_SongCity,-45.0,92.1,119.4,13.695561366610479,LOW,TopN_Re-rank,Roma,390
VG_data_DJI_0747.JPG,pkl_QZ_SongCity,-45.0,90.8,119.3,20.167313713048248,LOW,TopN_Re-rank,Roma,136
VG_data_DJI_0748.JPG,pkl_QZ_SongCity,-44.9,90.8,119.3,22.768445903920888,LOW,TopN_Re-rank,Roma,320
VG_data_DJI_0749.JPG,pkl_QZ_SongCity,-44.9,90.8,119.3,7.507728971953316,LOW,TopN_Re-rank,Roma,388
VG_data_DJI_0750.JPG,pkl_QZ_SongCity,-45.0,91.1,119.2,7.321562989558192,LOW,TopN_Re-rank,Roma,319
VG_data_DJI_0751.JPG,pkl_QZ_SongCity,-45.0,89.5,119.4,17.134832005444565,LOW,TopN_Re-rank,Roma,201
VG_data_DJI_0752.JPG,pkl_QZ_SongCity,-44.9,89.8,119.5,4.362637597453013,LOW,TopN_Re-rank,Roma,326
VG_data_DJI_0753.JPG,pkl_QZ_SongCity,-44.9,89.8,119.3,5.685319263526239,LOW,TopN_Re-rank,Roma,337
VG_data_DJI_0754.JPG,pkl_QZ_SongCity,-45.0,89.7,119.5,10.976648573707893,LOW,TopN_Re-rank,Roma,469
VG_data_DJI_0755.JPG,pkl_QZ_SongCity,-44.9,89.7,119.3,3.5829545112087593,LOW,TopN_Re-rank,Roma,486
VG_data_DJI_0756.JPG,pkl_QZ_SongCity,-44.9,89.7,119.5,3.8640971233949917,LOW,TopN_Re-rank,Roma,385
VG_data_DJI_0757.JPG,pkl_QZ_SongCity,-44.9,89.8,119.4,7.370768292918955,LOW,TopN_Re-rank,Roma,373
VG_data_DJI_0758.JPG,pkl_QZ_SongCity,-44.9,91.2,119.4,18.959451449549437,LOW,TopN_Re-rank,Roma,334
VG_data_DJI_0759.JPG,pkl_QZ_SongCity,-45.0,92.1,119.4,39.1341400028372,LOW,TopN_Re-rank,Roma,250
VG_data_DJI_0760.JPG,pkl_QZ_SongCity,-44.9,91.6,119.4,16.003035187080204,LOW,TopN_Re-rank,Roma,422
VG_data_DJI_0761.JPG,pkl_QZ_SongCity,-45.0,91.3,119.6,4.23015561514741,LOW,TopN_Re-rank,Roma,131
VG_data_DJI_0762.JPG,pkl_QZ_SongCity,-44.9,90.9,119.4,23.293225858906936,LOW,TopN_Re-rank,Roma,141
VG_data_DJI_0763.JPG,pkl_QZ_SongCity,-44.9,90.9,119.6,5.962661936773516,LOW,TopN_Re-rank,Roma,156
VG_data_DJI_0764.JPG,pkl_QZ_SongCity,-44.9,89.8,119.4,19.373884754391277,LOW,TopN_Re-rank,Roma,146
VG_data_DJI_0765.JPG,pkl_QZ_SongCity,-45.0,88.9,119.3,27.128867259208132,LOW,TopN_Re-rank,Roma,283
VG_data_DJI_0766.JPG,pkl_QZ_SongCity,-45.0,89.2,119.2,32.49066199561432,LOW,TopN_Re-rank,Roma,304
VG_data_DJI_0767.JPG,pkl_QZ_SongCity,-45.0,89.4,119.3,13.323940626455638,LOW,TopN_Re-rank,Roma,151
VG_data_DJI_0768.JPG,pkl_QZ_SongCity,-45.0,89.5,119.5,327.51139347109216,LOW,TopN_Re-rank,Roma,160
VG_data_DJI_0769.JPG,pkl_QZ_SongCity,-45.0,89.7,119.5,12.826007906510135,LOW,TopN_Re-rank,Roma,286
VG_data_DJI_0770.JPG,pkl_QZ_SongCity,-44.9,89.9,119.5,800.7043990993079,LOW,TopN_Re-rank,Roma,193
VG_data_DJI_0771.JPG,pkl_QZ_SongCity,-45.0,92.9,119.5,367.4700659628591,LOW,TopN_Re-rank,Roma,133
VG_data_DJI_0772.JPG,pkl_QZ_SongCity,-44.9,92.2,119.4,21.61427602645883,LOW,TopN_Re-rank,Roma,219
VG_data_DJI_0773.JPG,pkl_QZ_SongCity,-44.9,91.7,119.5,3.6148071791132175,LOW,TopN_Re-rank,Roma,107
VG_data_DJI_0774.JPG,pkl_QZ_SongCity,-44.9,91.3,119.5,14.12470937439763,LOW,TopN_Re-rank,Roma,192
VG_data_DJI_0775.JPG,pkl_QZ_SongCity,-45.0,90.8,119.5,5.712967028761112,LOW,TopN_Re-rank,Roma,185
VG_data_DJI_0776.JPG,pkl_QZ_SongCity,-44.9,90.7,119.4,10.670868348111354,LOW,TopN_Re-rank,Roma,184
VG_data_DJI_0777.JPG,pkl_QZ_SongCity,-44.9,90.3,119.3,48.39173817820252,LOW,TopN_Re-rank,Roma,142
VG_data_DJI_0778.JPG,pkl_QZ_SongCity,-45.0,88.5,119.2,13.02152383305306,LOW,TopN_Re-rank,Roma,221
VG_data_DJI_0779.JPG,pkl_QZ_SongCity,-44.9,89.1,119.1,29.059209361454773,LOW,TopN_Re-rank,Roma,231
VG_data_DJI_0780.JPG,pkl_QZ_SongCity,-45.0,89.2,119.3,15.930866555270894,LOW,TopN_Re-rank,Roma,191
VG_data_DJI_0781.JPG,pkl_QZ_SongCity,-44.9,89.4,119.1,25.634690030061424,LOW,TopN_Re-rank,Roma,66
VG_data_DJI_0782.JPG,pkl_QZ_SongCity,-45.0,89.4,119.1,37.86575413041668,LOW,TopN_Re-rank,Roma,245
VG_data_DJI_0783.JPG,pkl_QZ_SongCity,-44.9,98.5,119.0,216.76310198875743,LOW,TopN_Re-rank,Roma,106
VG_data_DJI_0784.JPG,pkl_QZ_SongCity,-45.0,-35.4,56.3,203.2118906120596,LOW,TopN_Re-rank,Roma,46
VG_data_DJI_0785.JPG,pkl_QZ_SongCity,-45.0,-35.2,71.8,227.41361379946457,LOW,TopN_Re-rank,Roma,165
VG_data_DJI_0786.JPG,pkl_QZ_SongCity,-45.0,-35.2,86.8,611.5344798424088,LOW,TopN_Re-rank,Roma,188
VG_data_DJI_0787.JPG,pkl_QZ_SongCity,-45.0,-35.2,102.0,2056.263803331777,LOW,TopN_Re-rank,Roma,95
VG_data_DJI_0788.JPG,pkl_QZ_SongCity,-45.0,-35.3,116.8,87.69997299530577,LOW,TopN_Re-rank,Roma,141
VG_data_DJI_0789.JPG,pkl_QZ_SongCity,-45.0,99.0,119.5,759.0139158820856,LOW,TopN_Re-rank,Roma,253
VG_data_DJI_0790.JPG,pkl_QZ_SongCity,-45.0,98.6,119.2,7.2656860712483695,LOW,TopN_Re-rank,Roma,167
VG_data_DJI_0791.JPG,pkl_QZ_SongCity,-44.9,98.5,119.2,188.20569671372414,LOW,TopN_Re-rank,Roma,292
VG_data_DJI_0792.JPG,pkl_QZ_SongCity,-45.0,98.4,119.4,164.91877798473107,LOW,TopN_Re-rank,Roma,212
VG_data_DJI_0793.JPG,pkl_QZ_SongCity,-44.9,98.4,119.4,228.51223847612945,LOW,TopN_Re-rank,Roma,321
VG_data_DJI_0794.JPG,pkl_QZ_SongCity,-45.0,98.4,119.4,341.13998931781987,LOW,TopN_Re-rank,Roma,166
VG_data_DJI_0799.JPG,pkl_QZ_SongCity,-45.0,-88.0,119.2,965.5304561326573,LOW,TopN_Re-rank,Roma,132
VG_data_DJI_0800.JPG,pkl_QZ_SongCity,-45.0,-89.5,119.2,740.1682792232109,LOW,TopN_Re-rank,Roma,144
VG_data_DJI_0801.JPG,pkl_QZ_SongCity,-45.0,-89.9,119.3,14.652165250075711,LOW,TopN_Re-rank,Roma,183
VG_data_DJI_0802.JPG,pkl_QZ_SongCity,-45.0,-89.5,119.3,8.047217076990732,LOW,TopN_Re-rank,Roma,350
VG_data_DJI_0803.JPG,pkl_QZ_SongCity,-45.0,-89.5,119.2,4.062773558949429,LOW,TopN_Re-rank,Roma,325
VG_data_DJI_0804.JPG,pkl_QZ_SongCity,-45.0,-89.4,119.3,3.581945430754127,LOW,TopN_Re-rank,Roma,262
VG_data_DJI_0806.JPG,pkl_QZ_SongCity,-44.9,-89.7,119.2,4.272101940209465,LOW,TopN_Re-rank,Roma,204
VG_data_DJI_0807.JPG,pkl_QZ_SongCity,-45.0,-90.8,119.3,3.5103098462270395,LOW,TopN_Re-rank,Roma,277
VG_data_DJI_0808.JPG,pkl_QZ_SongCity,-45.0,-90.5,119.4,6.138897313038464,LOW,TopN_Re-rank,Roma,213
VG_data_DJI_0809.JPG,pkl_QZ_SongCity,-45.0,-90.6,119.5,15.682806713004295,LOW,TopN_Re-rank,Roma,153
VG_data_DJI_0810.JPG,pkl_QZ_SongCity,-44.9,-90.4,119.5,5.380364888742045,LOW,TopN_Re-rank,Roma,155
VG_data_DJI_0811.JPG,pkl_QZ_SongCity,-45.0,-89.4,119.4,216.71246482465722,LOW,TopN_Re-rank,Roma,63
VG_data_DJI_0812.JPG,pkl_QZ_SongCity,-45.0,-88.0,119.4,406.00475985994433,LOW,TopN_Re-rank,Roma,187
VG_data_DJI_0813.JPG,pkl_QZ_SongCity,-45.0,-90.7,119.3,7.100961426824215,LOW,TopN_Re-rank,Roma,58
VG_data_DJI_0814.JPG,pkl_QZ_SongCity,-44.9,-89.6,119.3,331.2254357575034,LOW,TopN_Re-rank,Roma,103
VG_data_DJI_0815.JPG,pkl_QZ_SongCity,-45.0,-89.5,119.4,16.453027754499352,LOW,TopN_Re-rank,Roma,83
VG_data_DJI_0816.JPG,pkl_QZ_SongCity,-45.0,-89.2,119.5,3.8038877210823743,LOW,TopN_Re-rank,Roma,169
VG_data_DJI_0817.JPG,pkl_QZ_SongCity,-45.0,-89.2,119.3,2.1241339640316252,LOW,TopN_Re-rank,Roma,267
VG_data_DJI_0819.JPG,pkl_QZ_SongCity,-45.0,-89.0,118.9,6.353647488210883,LOW,TopN_Re-rank,Roma,274
VG_data_DJI_0820.JPG,pkl_QZ_SongCity,-45.0,-90.8,119.3,8.55236097732265,LOW,TopN_Re-rank,Roma,137
VG_data_DJI_0821.JPG,pkl_QZ_SongCity,-44.9,-90.5,119.4,336.30389902529606,LOW,TopN_Re-rank,Roma,108
VG_data_DJI_0822.JPG,pkl_QZ_SongCity,-44.9,-90.4,119.3,1.3043152920132535,LOW,TopN_Re-rank,Roma,74
VG_data_DJI_0823.JPG,pkl_QZ_SongCity,-45.0,-90.4,119.3,1025.2099662479059,LOW,TopN_Re-rank,Roma,76
VG_data_DJI_0824.JPG,pkl_QZ_SongCity,-45.0,-87.5,119.3,340.06599978218065,LOW,TopN_Re-rank,Roma,114
VG_data_DJI_0825.JPG,pkl_QZ_SongCity,-44.9,-86.9,119.3,12.455753025626134,LOW,TopN_Re-rank,Roma,272
VG_data_DJI_0826.JPG,pkl_QZ_SongCity,-45.0,-91.4,119.5,28.93388590404903,LOW,TopN_Re-rank,Roma,248
VG_data_DJI_0827.JPG,pkl_QZ_SongCity,-44.9,-89.8,119.5,30.908181614314355,LOW,TopN_Re-rank,Roma,97
VG_data_DJI_0828.JPG,pkl_QZ_SongCity,-44.9,-89.4,119.6,39.18979204282657,LOW,TopN_Re-rank,Roma,147
VG_data_DJI_0829.JPG,pkl_QZ_SongCity,-45.0,-89.5,119.5,4.6876823475628875,LOW,TopN_Re-rank,Roma,116
VG_data_DJI_0830.JPG,pkl_QZ_SongCity,-44.9,-89.2,119.5,14.780115311726465,LOW,TopN_Re-rank,Roma,148
VG_data_DJI_0831.JPG,pkl_QZ_SongCity,-45.0,-87.9,119.4,16.30797954623839,LOW,TopN_Re-rank,Roma,162
VG_data_DJI_0832.JPG,pkl_QZ_SongCity,-45.0,-91.8,119.3,416.98738046549687,LOW,TopN_Re-rank,Roma,139
VG_data_DJI_0833.JPG,pkl_QZ_SongCity,-44.9,-90.8,119.4,32.57003637391766,LOW,TopN_Re-rank,Roma,80
VG_data_DJI_0834.JPG,pkl_QZ_SongCity,-45.0,-90.3,119.3,3203.8895511755254,LOW,TopN_Re-rank,Roma,120
VG_data_DJI_0835.JPG,pkl_QZ_SongCity,-45.0,-90.2,119.3,193.44191851967057,LOW,TopN_Re-rank,Roma,201
VG_data_DJI_0836.JPG,pkl_QZ_SongCity,-44.9,-90.1,119.3,8.815774084400545,LOW,TopN_Re-rank,Roma,267
VG_data_DJI_0837.JPG,pkl_QZ_SongCity,-44.9,-89.0,119.1,672.2838759091887,LOW,TopN_Re-rank,Roma,256
VG_data_DJI_0838.JPG,pkl_QZ_SongCity,-45.0,-88.4,119.2,635.7296346474182,LOW,TopN_Re-rank,Roma,322
VG_data_DJI_0839.JPG,pkl_QZ_SongCity,-45.0,-91.1,119.2,10.80660862181367,LOW,TopN_Re-rank,Roma,147
VG_data_DJI_0840.JPG,pkl_QZ_SongCity,-45.0,-90.1,119.1,27.059650122999134,LOW,TopN_Re-rank,Roma,140
VG_data_DJI_0841.JPG,pkl_QZ_SongCity,-45.0,-89.6,119.3,32.0911504804119,LOW,TopN_Re-rank,Roma,174
VG_data_DJI_0842.JPG,pkl_QZ_SongCity,-44.9,-89.5,119.4,16.7790076229934,LOW,TopN_Re-rank,Roma,93
VG_data_DJI_0843.JPG,pkl_QZ_SongCity,-45.0,-89.4,119.3,8.09445089021665,LOW,TopN_Re-rank,Roma,86
